YearMonth,Primary Type,Count
2014-01,ARSON,22
2014-01,ASSAULT,1037
2014-01,BATTERY,3337
2014-01,BURGLARY,1137
2014-01,HOMICIDE,20
2014-01,NARCOTICS,2224
2014-01,OTHER,1423
2014-01,ROBBERY,798
2014-01,THEFT,4448
2014-01,TRESPASSING,576
2014-01,VANDALISM,1790
2014-01,VEHICLE THEFT,817
2014-02,ARSON,27
2014-02,ASSAULT,1022
2014-02,BATTERY,3175
2014-02,BURGLARY,889
2014-02,HOMICIDE,21
2014-02,NARCOTICS,2356
2014-02,OTHER,1185
2014-02,ROBBERY,556
2014-02,THEFT,4017
2014-02,TRESPASSING,536
2014-02,VANDALISM,1595
2014-02,VEHICLE THEFT,682
2014-03,ARSON,26
2014-03,ASSAULT,1388
2014-03,BATTERY,3975
2014-03,BURGLARY,1054
2014-03,HOMICIDE,24
2014-03,NARCOTICS,2644
2014-03,OTHER,1405
2014-03,ROBBERY,624
2014-03,THEFT,4516
2014-03,TRESPASSING,703
2014-03,VANDALISM,2207
2014-03,VEHICLE THEFT,910
2014-04,ARSON,32
2014-04,ASSAULT,1407
2014-04,BATTERY,4188
2014-04,BURGLARY,1124
2014-04,HOMICIDE,37
2014-04,NARCOTICS,2633
2014-04,OTHER,1504
2014-04,ROBBERY,726
2014-04,THEFT,4836
2014-04,TRESPASSING,643
2014-04,VANDALISM,2430
2014-04,VEHICLE THEFT,702
2014-05,ARSON,45
2014-05,ASSAULT,1669
2014-05,BATTERY,4804
2014-05,BURGLARY,1206
2014-05,HOMICIDE,41
2014-05,NARCOTICS,2640
2014-05,OTHER,1614
2014-05,ROBBERY,835
2014-05,THEFT,5352
2014-05,TRESPASSING,648
2014-05,VANDALISM,2564
2014-05,VEHICLE THEFT,728
2014-06,ARSON,42
2014-06,ASSAULT,1660
2014-06,BATTERY,4822
2014-06,BURGLARY,1244
2014-06,HOMICIDE,37
2014-06,NARCOTICS,2443
2014-06,OTHER,1521
2014-06,ROBBERY,860
2014-06,THEFT,5839
2014-06,TRESPASSING,682
2014-06,VANDALISM,2489
2014-06,VEHICLE THEFT,906
2014-07,ARSON,54
2014-07,ASSAULT,1631
2014-07,BATTERY,4774
2014-07,BURGLARY,1397
2014-07,HOMICIDE,38
2014-07,NARCOTICS,2772
2014-07,OTHER,1512
2014-07,ROBBERY,927
2014-07,THEFT,6336
2014-07,TRESPASSING,708
2014-07,VANDALISM,2672
2014-07,VEHICLE THEFT,913
2014-08,ARSON,33
2014-08,ASSAULT,1616
2014-08,BATTERY,4747
2014-08,BURGLARY,1384
2014-08,HOMICIDE,48
2014-08,NARCOTICS,2644
2014-08,OTHER,1532
2014-08,ROBBERY,883
2014-08,THEFT,5885
2014-08,TRESPASSING,674
2014-08,VANDALISM,2645
2014-08,VEHICLE THEFT,865
2014-09,ARSON,28
2014-09,ASSAULT,1573
2014-09,BATTERY,4237
2014-09,BURGLARY,1300
2014-09,HOMICIDE,46
2014-09,NARCOTICS,2387
2014-09,OTHER,1394
2014-09,ROBBERY,872
2014-09,THEFT,5486
2014-09,TRESPASSING,606
2014-09,VANDALISM,2389
2014-09,VEHICLE THEFT,858
2014-10,ARSON,28
2014-10,ASSAULT,1504
2014-10,BATTERY,4070
2014-10,BURGLARY,1358
2014-10,HOMICIDE,38
2014-10,NARCOTICS,2383
2014-10,OTHER,1352
2014-10,ROBBERY,960
2014-10,THEFT,5563
2014-10,TRESPASSING,678
2014-10,VANDALISM,2497
2014-10,VEHICLE THEFT,922
2014-11,ARSON,38
2014-11,ASSAULT,1160
2014-11,BATTERY,3675
2014-11,BURGLARY,1135
2014-11,HOMICIDE,39
2014-11,NARCOTICS,2133
2014-11,OTHER,1301
2014-11,ROBBERY,795
2014-11,THEFT,4540
2014-11,TRESPASSING,556
2014-11,VANDALISM,2262
2014-11,VEHICLE THEFT,848
2014-12,ARSON,22
2014-12,ASSAULT,1236
2014-12,BATTERY,3651
2014-12,BURGLARY,1341
2014-12,HOMICIDE,40
2014-12,NARCOTICS,1859
2014-12,OTHER,1276
2014-12,ROBBERY,964
2014-12,THEFT,4750
2014-12,TRESPASSING,529
2014-12,VANDALISM,2259
2014-12,VEHICLE THEFT,760
2015-01,ARSON,17
2015-01,ASSAULT,1222
2015-01,BATTERY,3539
2015-01,BURGLARY,1065
2015-01,HOMICIDE,30
2015-01,NARCOTICS,2339
2015-01,OTHER,1481
2015-01,ROBBERY,798
2015-01,THEFT,4407
2015-01,TRESPASSING,577
2015-01,VANDALISM,1924
2015-01,VEHICLE THEFT,826
2015-02,ARSON,20
2015-02,ASSAULT,1082
2015-02,BATTERY,2911
2015-02,BURGLARY,663
2015-02,HOMICIDE,20
2015-02,NARCOTICS,1971
2015-02,OTHER,1225
2015-02,ROBBERY,456
2015-02,THEFT,3228
2015-02,TRESPASSING,438
2015-02,VANDALISM,1504
2015-02,VEHICLE THEFT,627
2015-03,ARSON,41
2015-03,ASSAULT,1437
2015-03,BATTERY,4135
2015-03,BURGLARY,847
2015-03,HOMICIDE,35
2015-03,NARCOTICS,2462
2015-03,OTHER,1485
2015-03,ROBBERY,617
2015-03,THEFT,4275
2015-03,TRESPASSING,583
2015-03,VANDALISM,2238
2015-03,VEHICLE THEFT,784
2015-04,ARSON,42
2015-04,ASSAULT,1396
2015-04,BATTERY,4119
2015-04,BURGLARY,921
2015-04,HOMICIDE,36
2015-04,NARCOTICS,2091
2015-04,OTHER,1482
2015-04,ROBBERY,678
2015-04,THEFT,4528
2015-04,TRESPASSING,576
2015-04,VANDALISM,2465
2015-04,VEHICLE THEFT,725
2015-05,ARSON,41
2015-05,ASSAULT,1676
2015-05,BATTERY,4893
2015-05,BURGLARY,1075
2015-05,HOMICIDE,50
2015-05,NARCOTICS,1976
2015-05,OTHER,1679
2015-05,ROBBERY,730
2015-05,THEFT,4941
2015-05,TRESPASSING,559
2015-05,VANDALISM,2601
2015-05,VEHICLE THEFT,851
2015-06,ARSON,39
2015-06,ASSAULT,1589
2015-06,BATTERY,4579
2015-06,BURGLARY,1130
2015-06,HOMICIDE,49
2015-06,NARCOTICS,1843
2015-06,OTHER,1489
2015-06,ROBBERY,768
2015-06,THEFT,5015
2015-06,TRESPASSING,607
2015-06,VANDALISM,2463
2015-06,VEHICLE THEFT,909
2015-07,ARSON,51
2015-07,ASSAULT,1593
2015-07,BATTERY,4575
2015-07,BURGLARY,1157
2015-07,HOMICIDE,57
2015-07,NARCOTICS,1928
2015-07,OTHER,1568
2015-07,ROBBERY,916
2015-07,THEFT,5398
2015-07,TRESPASSING,542
2015-07,VANDALISM,2821
2015-07,VEHICLE THEFT,892
2015-08,ARSON,40
2015-08,ASSAULT,1597
2015-08,BATTERY,4627
2015-08,BURGLARY,1250
2015-08,HOMICIDE,55
2015-08,NARCOTICS,2098
2015-08,OTHER,1618
2015-08,ROBBERY,930
2015-08,THEFT,5629
2015-08,TRESPASSING,578
2015-08,VANDALISM,2685
2015-08,VEHICLE THEFT,967
2015-09,ARSON,39
2015-09,ASSAULT,1530
2015-09,BATTERY,4270
2015-09,BURGLARY,1181
2015-09,HOMICIDE,65
2015-09,NARCOTICS,2047
2015-09,OTHER,1406
2015-09,ROBBERY,931
2015-09,THEFT,5180
2015-09,TRESPASSING,487
2015-09,VANDALISM,2516
2015-09,VEHICLE THEFT,864
2015-10,ARSON,46
2015-10,ASSAULT,1427
2015-10,BATTERY,4039
2015-10,BURGLARY,1301
2015-10,HOMICIDE,32
2015-10,NARCOTICS,2105
2015-10,OTHER,1520
2015-10,ROBBERY,956
2015-10,THEFT,5156
2015-10,TRESPASSING,525
2015-10,VANDALISM,2593
2015-10,VEHICLE THEFT,842
2015-11,ARSON,45
2015-11,ASSAULT,1252
2015-11,BATTERY,3553
2015-11,BURGLARY,1218
2015-11,HOMICIDE,39
2015-11,NARCOTICS,1782
2015-11,OTHER,1321
2015-11,ROBBERY,819
2015-11,THEFT,4568
2015-11,TRESPASSING,488
2015-11,VANDALISM,2388
2015-11,VEHICLE THEFT,864
2015-12,ARSON,32
2015-12,ASSAULT,1247
2015-12,BATTERY,3686
2015-12,BURGLARY,1376
2015-12,HOMICIDE,34
2015-12,NARCOTICS,1297
2015-12,OTHER,1292
2015-12,ROBBERY,1039
2015-12,THEFT,5027
2015-12,TRESPASSING,441
2015-12,VANDALISM,2479
2015-12,VEHICLE THEFT,917
2016-01,ARSON,42
2016-01,ASSAULT,1226
2016-01,BATTERY,3728
2016-01,BURGLARY,1182
2016-01,HOMICIDE,54
2016-01,NARCOTICS,1147
2016-01,OTHER,1345
2016-01,ROBBERY,1041
2016-01,THEFT,4487
2016-01,TRESPASSING,462
2016-01,VANDALISM,2374
2016-01,VEHICLE THEFT,983
2016-02,ARSON,31
2016-02,ASSAULT,1241
2016-02,BATTERY,3497
2016-02,BURGLARY,842
2016-02,HOMICIDE,47
2016-02,NARCOTICS,1303
2016-02,OTHER,1318
2016-02,ROBBERY,702
2016-02,THEFT,4007
2016-02,TRESPASSING,438
2016-02,VANDALISM,2089
2016-02,VEHICLE THEFT,835
2016-03,ARSON,41
2016-03,ASSAULT,1641
2016-03,BATTERY,4278
2016-03,BURGLARY,1048
2016-03,HOMICIDE,45
2016-03,NARCOTICS,1476
2016-03,OTHER,1579
2016-03,ROBBERY,785
2016-03,THEFT,4661
2016-03,TRESPASSING,500
2016-03,VANDALISM,2538
2016-03,VEHICLE THEFT,781
2016-04,ARSON,46
2016-04,ASSAULT,1508
2016-04,BATTERY,4030
2016-04,BURGLARY,946
2016-04,HOMICIDE,40
2016-04,NARCOTICS,1459
2016-04,OTHER,1422
2016-04,ROBBERY,771
2016-04,THEFT,4595
2016-04,TRESPASSING,505
2016-04,VANDALISM,2392
2016-04,VEHICLE THEFT,756
2016-05,ARSON,55
2016-05,ASSAULT,1789
2016-05,BATTERY,4715
2016-05,BURGLARY,1106
2016-05,HOMICIDE,69
2016-05,NARCOTICS,1401
2016-05,OTHER,1582
2016-05,ROBBERY,961
2016-05,THEFT,5049
2016-05,TRESPASSING,585
2016-05,VANDALISM,2733
2016-05,VEHICLE THEFT,823
2016-06,ARSON,41
2016-06,ASSAULT,1817
2016-06,BATTERY,4852
2016-06,BURGLARY,1080
2016-06,HOMICIDE,81
2016-06,NARCOTICS,1278
2016-06,OTHER,1511
2016-06,ROBBERY,905
2016-06,THEFT,5359
2016-06,TRESPASSING,590
2016-06,VANDALISM,2641
2016-06,VEHICLE THEFT,931
2016-07,ARSON,47
2016-07,ASSAULT,1713
2016-07,BATTERY,4689
2016-07,BURGLARY,1349
2016-07,HOMICIDE,70
2016-07,NARCOTICS,1244
2016-07,OTHER,1513
2016-07,ROBBERY,1128
2016-07,THEFT,5821
2016-07,TRESPASSING,568
2016-07,VANDALISM,2987
2016-07,VEHICLE THEFT,1038
2016-08,ARSON,46
2016-08,ASSAULT,1761
2016-08,BATTERY,4586
2016-08,BURGLARY,1374
2016-08,HOMICIDE,96
2016-08,NARCOTICS,864
2016-08,OTHER,1511
2016-08,ROBBERY,1238
2016-08,THEFT,6005
2016-08,TRESPASSING,577
2016-08,VANDALISM,2974
2016-08,VEHICLE THEFT,1028
2016-09,ARSON,45
2016-09,ASSAULT,1694
2016-09,BATTERY,4318
2016-09,BURGLARY,1371
2016-09,HOMICIDE,66
2016-09,NARCOTICS,897
2016-09,OTHER,1354
2016-09,ROBBERY,1028
2016-09,THEFT,5736
2016-09,TRESPASSING,579
2016-09,VANDALISM,2850
2016-09,VEHICLE THEFT,978
2016-10,ARSON,51
2016-10,ASSAULT,1668
2016-10,BATTERY,4340
2016-10,BURGLARY,1314
2016-10,HOMICIDE,83
2016-10,NARCOTICS,762
2016-10,OTHER,1487
2016-10,ROBBERY,1149
2016-10,THEFT,5723
2016-10,TRESPASSING,552
2016-10,VANDALISM,2758
2016-10,VEHICLE THEFT,1010
2016-11,ARSON,34
2016-11,ASSAULT,1423
2016-11,BATTERY,3822
2016-11,BURGLARY,1376
2016-11,HOMICIDE,80
2016-11,NARCOTICS,778
2016-11,OTHER,1303
2016-11,ROBBERY,1163
2016-11,THEFT,5257
2016-11,TRESPASSING,485
2016-11,VANDALISM,2580
2016-11,VEHICLE THEFT,1016
2016-12,ARSON,37
2016-12,ASSAULT,1262
2016-12,BATTERY,3445
2016-12,BURGLARY,1301
2016-12,HOMICIDE,59
2016-12,NARCOTICS,724
2016-12,OTHER,1383
2016-12,ROBBERY,1089
2016-12,THEFT,4923
2016-12,TRESPASSING,465
2016-12,VANDALISM,2102
2016-12,VEHICLE THEFT,1106
2017-01,ARSON,38
2017-01,ASSAULT,1374
2017-01,BATTERY,3568
2017-01,BURGLARY,1274
2017-01,HOMICIDE,55
2017-01,NARCOTICS,985
2017-01,OTHER,1569
2017-01,ROBBERY,1076
2017-01,THEFT,4957
2017-01,TRESPASSING,573
2017-01,VANDALISM,2425
2017-01,VEHICLE THEFT,1173
2017-02,ARSON,40
2017-02,ASSAULT,1295
2017-02,BATTERY,3415
2017-02,BURGLARY,1013
2017-02,HOMICIDE,50
2017-02,NARCOTICS,956
2017-02,OTHER,1390
2017-02,ROBBERY,787
2017-02,THEFT,4398
2017-02,TRESPASSING,527
2017-02,VANDALISM,2048
2017-02,VEHICLE THEFT,878
2017-03,ARSON,27
2017-03,ASSAULT,1486
2017-03,BATTERY,3859
2017-03,BURGLARY,931
2017-03,HOMICIDE,42
2017-03,NARCOTICS,1127
2017-03,OTHER,1525
2017-03,ROBBERY,783
2017-03,THEFT,4501
2017-03,TRESPASSING,548
2017-03,VANDALISM,2238
2017-03,VEHICLE THEFT,801
2017-04,ARSON,47
2017-04,ASSAULT,1638
2017-04,BATTERY,4101
2017-04,BURGLARY,968
2017-04,HOMICIDE,49
2017-04,NARCOTICS,1043
2017-04,OTHER,1582
2017-04,ROBBERY,851
2017-04,THEFT,4803
2017-04,TRESPASSING,548
2017-04,VANDALISM,2451
2017-04,VEHICLE THEFT,837
2017-05,ARSON,38
2017-05,ASSAULT,1853
2017-05,BATTERY,4563
2017-05,BURGLARY,1061
2017-05,HOMICIDE,57
2017-05,NARCOTICS,1119
2017-05,OTHER,1634
2017-05,ROBBERY,903
2017-05,THEFT,5338
2017-05,TRESPASSING,631
2017-05,VANDALISM,2518
2017-05,VEHICLE THEFT,831
2017-06,ARSON,46
2017-06,ASSAULT,1857
2017-06,BATTERY,4652
2017-06,BURGLARY,1090
2017-06,HOMICIDE,87
2017-06,NARCOTICS,865
2017-06,OTHER,1415
2017-06,ROBBERY,982
2017-06,THEFT,5793
2017-06,TRESPASSING,617
2017-06,VANDALISM,2582
2017-06,VEHICLE THEFT,1013
2017-07,ARSON,34
2017-07,ASSAULT,1821
2017-07,BATTERY,4702
2017-07,BURGLARY,1206
2017-07,HOMICIDE,76
2017-07,NARCOTICS,1004
2017-07,OTHER,1531
2017-07,ROBBERY,1004
2017-07,THEFT,6091
2017-07,TRESPASSING,622
2017-07,VANDALISM,2745
2017-07,VEHICLE THEFT,992
2017-08,ARSON,43
2017-08,ASSAULT,1740
2017-08,BATTERY,4424
2017-08,BURGLARY,1153
2017-08,HOMICIDE,59
2017-08,NARCOTICS,995
2017-08,OTHER,1459
2017-08,ROBBERY,1174
2017-08,THEFT,6464
2017-08,TRESPASSING,598
2017-08,VANDALISM,2685
2017-08,VEHICLE THEFT,951
2017-09,ARSON,33
2017-09,ASSAULT,1786
2017-09,BATTERY,4398
2017-09,BURGLARY,1040
2017-09,HOMICIDE,61
2017-09,NARCOTICS,1027
2017-09,OTHER,1262
2017-09,ROBBERY,1002
2017-09,THEFT,5527
2017-09,TRESPASSING,539
2017-09,VANDALISM,2414
2017-09,VEHICLE THEFT,915
2017-10,ARSON,39
2017-10,ASSAULT,1628
2017-10,BATTERY,4171
2017-10,BURGLARY,1199
2017-10,HOMICIDE,60
2017-10,NARCOTICS,846
2017-10,OTHER,1345
2017-10,ROBBERY,1119
2017-10,THEFT,5735
2017-10,TRESPASSING,571
2017-10,VANDALISM,2439
2017-10,VEHICLE THEFT,983
2017-11,ARSON,38
2017-11,ASSAULT,1454
2017-11,BATTERY,3724
2017-11,BURGLARY,1083
2017-11,HOMICIDE,41
2017-11,NARCOTICS,927
2017-11,OTHER,1295
2017-11,ROBBERY,1128
2017-11,THEFT,5383
2017-11,TRESPASSING,533
2017-11,VANDALISM,2335
2017-11,VEHICLE THEFT,936
2017-12,ARSON,21
2017-12,ASSAULT,1374
2017-12,BATTERY,3662
2017-12,BURGLARY,983
2017-12,HOMICIDE,39
2017-12,NARCOTICS,789
2017-12,OTHER,1263
2017-12,ROBBERY,1072
2017-12,THEFT,5396
2017-12,TRESPASSING,507
2017-12,VANDALISM,2165
2017-12,VEHICLE THEFT,1070
2018-01,ARSON,26
2018-01,ASSAULT,1416
2018-01,BATTERY,3590
2018-01,BURGLARY,952
2018-01,HOMICIDE,43
2018-01,NARCOTICS,1084
2018-01,OTHER,1338
2018-01,ROBBERY,898
2018-01,THEFT,4856
2018-01,TRESPASSING,580
2018-01,VANDALISM,1931
2018-01,VEHICLE THEFT,1007
2018-02,ARSON,14
2018-02,ASSAULT,1355
2018-02,BATTERY,3200
2018-02,BURGLARY,698
2018-02,HOMICIDE,43
2018-02,NARCOTICS,996
2018-02,OTHER,1263
2018-02,ROBBERY,635
2018-02,THEFT,3900
2018-02,TRESPASSING,548
2018-02,VANDALISM,1672
2018-02,VEHICLE THEFT,626
2018-03,ARSON,32
2018-03,ASSAULT,1620
2018-03,BATTERY,3958
2018-03,BURGLARY,823
2018-03,HOMICIDE,34
2018-03,NARCOTICS,1283
2018-03,OTHER,1472
2018-03,ROBBERY,738
2018-03,THEFT,4751
2018-03,TRESPASSING,586
2018-03,VANDALISM,2337
2018-03,VEHICLE THEFT,736
2018-04,ARSON,27
2018-04,ASSAULT,1640
2018-04,BATTERY,3803
2018-04,BURGLARY,941
2018-04,HOMICIDE,43
2018-04,NARCOTICS,1102
2018-04,OTHER,1510
2018-04,ROBBERY,693
2018-04,THEFT,4999
2018-04,TRESPASSING,586
2018-04,VANDALISM,2240
2018-04,VEHICLE THEFT,752
2018-05,ARSON,33
2018-05,ASSAULT,2037
2018-05,BATTERY,4981
2018-05,BURGLARY,975
2018-05,HOMICIDE,54
2018-05,NARCOTICS,1177
2018-05,OTHER,1608
2018-05,ROBBERY,802
2018-05,THEFT,5738
2018-05,TRESPASSING,599
2018-05,VANDALISM,2671
2018-05,VEHICLE THEFT,831
2018-06,ARSON,36
2018-06,ASSAULT,1880
2018-06,BATTERY,4643
2018-06,BURGLARY,1064
2018-06,HOMICIDE,57
2018-06,NARCOTICS,1084
2018-06,OTHER,1514
2018-06,ROBBERY,857
2018-06,THEFT,6037
2018-06,TRESPASSING,591
2018-06,VANDALISM,2589
2018-06,VEHICLE THEFT,816
2018-07,ARSON,41
2018-07,ASSAULT,1944
2018-07,BATTERY,4887
2018-07,BURGLARY,1141
2018-07,HOMICIDE,63
2018-07,NARCOTICS,1196
2018-07,OTHER,1573
2018-07,ROBBERY,876
2018-07,THEFT,6168
2018-07,TRESPASSING,597
2018-07,VANDALISM,2725
2018-07,VEHICLE THEFT,856
2018-08,ARSON,38
2018-08,ASSAULT,1849
2018-08,BATTERY,4615
2018-08,BURGLARY,1213
2018-08,HOMICIDE,59
2018-08,NARCOTICS,1278
2018-08,OTHER,1506
2018-08,ROBBERY,944
2018-08,THEFT,6530
2018-08,TRESPASSING,598
2018-08,VANDALISM,2636
2018-08,VEHICLE THEFT,928
2018-09,ARSON,32
2018-09,ASSAULT,1814
2018-09,BATTERY,4352
2018-09,BURGLARY,1052
2018-09,HOMICIDE,55
2018-09,NARCOTICS,1176
2018-09,OTHER,1323
2018-09,ROBBERY,768
2018-09,THEFT,5786
2018-09,TRESPASSING,606
2018-09,VANDALISM,2287
2018-09,VEHICLE THEFT,905
2018-10,ARSON,36
2018-10,ASSAULT,1718
2018-10,BATTERY,4304
2018-10,BURGLARY,1004
2018-10,HOMICIDE,58
2018-10,NARCOTICS,1050
2018-10,OTHER,1388
2018-10,ROBBERY,837
2018-10,THEFT,5670
2018-10,TRESPASSING,562
2018-10,VANDALISM,2520
2018-10,VEHICLE THEFT,794
2018-11,ARSON,26
2018-11,ASSAULT,1543
2018-11,BATTERY,3637
2018-11,BURGLARY,913
2018-11,HOMICIDE,47
2018-11,NARCOTICS,1160
2018-11,OTHER,1430
2018-11,ROBBERY,787
2018-11,THEFT,5162
2018-11,TRESPASSING,501
2018-11,VANDALISM,1969
2018-11,VEHICLE THEFT,818
2018-12,ARSON,32
2018-12,ASSAULT,1591
2018-12,BATTERY,3862
2018-12,BURGLARY,971
2018-12,HOMICIDE,44
2018-12,NARCOTICS,1007
2018-12,OTHER,1346
2018-12,ROBBERY,846
2018-12,THEFT,5693
2018-12,TRESPASSING,555
2018-12,VANDALISM,2246
2018-12,VEHICLE THEFT,916
2019-01,ARSON,22
2019-01,ASSAULT,1459
2019-01,BATTERY,3526
2019-01,BURGLARY,797
2019-01,HOMICIDE,23
2019-01,NARCOTICS,1342
2019-01,OTHER,1432
2019-01,ROBBERY,658
2019-01,THEFT,4559
2019-01,TRESPASSING,563
2019-01,VANDALISM,1794
2019-01,VEHICLE THEFT,707
2019-02,ARSON,29
2019-02,ASSAULT,1420
2019-02,BATTERY,3344
2019-02,BURGLARY,671
2019-02,HOMICIDE,25
2019-02,NARCOTICS,1273
2019-02,OTHER,1412
2019-02,ROBBERY,497
2019-02,THEFT,4392
2019-02,TRESPASSING,497
2019-02,VANDALISM,1717
2019-02,VEHICLE THEFT,654
2019-03,ARSON,28
2019-03,ASSAULT,1667
2019-03,BATTERY,4060
2019-03,BURGLARY,677
2019-03,HOMICIDE,37
2019-03,NARCOTICS,1409
2019-03,OTHER,1460
2019-03,ROBBERY,509
2019-03,THEFT,4479
2019-03,TRESPASSING,515
2019-03,VANDALISM,2026
2019-03,VEHICLE THEFT,716
2019-04,ARSON,31
2019-04,ASSAULT,1734
2019-04,BATTERY,3977
2019-04,BURGLARY,700
2019-04,HOMICIDE,61
2019-04,NARCOTICS,1293
2019-04,OTHER,1454
2019-04,ROBBERY,599
2019-04,THEFT,4653
2019-04,TRESPASSING,562
2019-04,VANDALISM,2277
2019-04,VEHICLE THEFT,770
2019-05,ARSON,25
2019-05,ASSAULT,2046
2019-05,BATTERY,4759
2019-05,BURGLARY,815
2019-05,HOMICIDE,55
2019-05,NARCOTICS,1204
2019-05,OTHER,1560
2019-05,ROBBERY,632
2019-05,THEFT,5399
2019-05,TRESPASSING,645
2019-05,VANDALISM,2498
2019-05,VEHICLE THEFT,765
2019-06,ARSON,29
2019-06,ASSAULT,2004
2019-06,BATTERY,4748
2019-06,BURGLARY,789
2019-06,HOMICIDE,52
2019-06,NARCOTICS,1231
2019-06,OTHER,1486
2019-06,ROBBERY,767
2019-06,THEFT,5656
2019-06,TRESPASSING,579
2019-06,VANDALISM,2531
2019-06,VEHICLE THEFT,773
2019-07,ARSON,46
2019-07,ASSAULT,1931
2019-07,BATTERY,4874
2019-07,BURGLARY,928
2019-07,HOMICIDE,44
2019-07,NARCOTICS,1282
2019-07,OTHER,1480
2019-07,ROBBERY,776
2019-07,THEFT,6000
2019-07,TRESPASSING,626
2019-07,VANDALISM,2597
2019-07,VEHICLE THEFT,885
2019-08,ARSON,36
2019-08,ASSAULT,1833
2019-08,BATTERY,4557
2019-08,BURGLARY,904
2019-08,HOMICIDE,51
2019-08,NARCOTICS,1443
2019-08,OTHER,1341
2019-08,ROBBERY,769
2019-08,THEFT,6174
2019-08,TRESPASSING,591
2019-08,VANDALISM,2567
2019-08,VEHICLE THEFT,843
2019-09,ARSON,29
2019-09,ASSAULT,1791
2019-09,BATTERY,4321
2019-09,BURGLARY,875
2019-09,HOMICIDE,51
2019-09,NARCOTICS,1207
2019-09,OTHER,1361
2019-09,ROBBERY,692
2019-09,THEFT,5445
2019-09,TRESPASSING,611
2019-09,VANDALISM,2370
2019-09,VEHICLE THEFT,679
2019-10,ARSON,28
2019-10,ASSAULT,1728
2019-10,BATTERY,3863
2019-10,BURGLARY,863
2019-10,HOMICIDE,42
2019-10,NARCOTICS,1188
2019-10,OTHER,1398
2019-10,ROBBERY,686
2019-10,THEFT,5393
2019-10,TRESPASSING,578
2019-10,VANDALISM,2328
2019-10,VEHICLE THEFT,727
2019-11,ARSON,32
2019-11,ASSAULT,1474
2019-11,BATTERY,3673
2019-11,BURGLARY,792
2019-11,HOMICIDE,34
2019-11,NARCOTICS,1122
2019-11,OTHER,1212
2019-11,ROBBERY,666
2019-11,THEFT,4888
2019-11,TRESPASSING,543
2019-11,VANDALISM,1990
2019-11,VEHICLE THEFT,692
2019-12,ARSON,41
2019-12,ASSAULT,1537
2019-12,BATTERY,3820
2019-12,BURGLARY,827
2019-12,HOMICIDE,34
2019-12,NARCOTICS,1086
2019-12,OTHER,1209
2019-12,ROBBERY,744
2019-12,THEFT,5459
2019-12,TRESPASSING,509
2019-12,VANDALISM,1987
2019-12,VEHICLE THEFT,767
2020-01,ARSON,23
2020-01,ASSAULT,1520
2020-01,BATTERY,3607
2020-01,BURGLARY,740
2020-01,HOMICIDE,36
2020-01,NARCOTICS,1292
2020-01,OTHER,1425
2020-01,ROBBERY,726
2020-01,THEFT,4610
2020-01,TRESPASSING,575
2020-01,VANDALISM,1792
2020-01,VEHICLE THEFT,669
2020-02,ARSON,31
2020-02,ASSAULT,1386
2020-02,BATTERY,3388
2020-02,BURGLARY,619
2020-02,HOMICIDE,38
2020-02,NARCOTICS,1177
2020-02,OTHER,1245
2020-02,ROBBERY,637
2020-02,THEFT,4176
2020-02,TRESPASSING,534
2020-02,VANDALISM,1742
2020-02,VEHICLE THEFT,653
2020-03,ARSON,27
2020-03,ASSAULT,1477
2020-03,BATTERY,3562
2020-03,BURGLARY,568
2020-03,HOMICIDE,30
2020-03,NARCOTICS,741
2020-03,OTHER,1115
2020-03,ROBBERY,495
2020-03,THEFT,3535
2020-03,TRESPASSING,394
2020-03,VANDALISM,1892
2020-03,VEHICLE THEFT,628
2020-04,ARSON,36
2020-04,ASSAULT,1112
2020-04,BATTERY,2693
2020-04,BURGLARY,528
2020-04,HOMICIDE,62
2020-04,NARCOTICS,179
2020-04,OTHER,743
2020-04,ROBBERY,455
2020-04,THEFT,2508
2020-04,TRESPASSING,235
2020-04,VANDALISM,1785
2020-04,VEHICLE THEFT,659
2020-05,ARSON,78
2020-05,ASSAULT,1488
2020-05,BATTERY,3505
2020-05,BURGLARY,1323
2020-05,HOMICIDE,86
2020-05,NARCOTICS,484
2020-05,OTHER,880
2020-05,ROBBERY,599
2020-05,THEFT,2925
2020-05,TRESPASSING,277
2020-05,VANDALISM,2478
2020-05,VEHICLE THEFT,829
2020-06,ARSON,74
2020-06,ASSAULT,1726
2020-06,BATTERY,3924
2020-06,BURGLARY,754
2020-06,HOMICIDE,94
2020-06,NARCOTICS,339
2020-06,OTHER,969
2020-06,ROBBERY,574
2020-06,THEFT,3086
2020-06,TRESPASSING,285
2020-06,VANDALISM,2451
2020-06,VEHICLE THEFT,794
2020-07,ARSON,63
2020-07,ASSAULT,1892
2020-07,BATTERY,4153
2020-07,BURGLARY,738
2020-07,HOMICIDE,111
2020-07,NARCOTICS,517
2020-07,OTHER,1120
2020-07,ROBBERY,734
2020-07,THEFT,3676
2020-07,TRESPASSING,309
2020-07,VANDALISM,2504
2020-07,VEHICLE THEFT,959
2020-08,ARSON,57
2020-08,ASSAULT,1836
2020-08,BATTERY,4076
2020-08,BURGLARY,1062
2020-08,HOMICIDE,68
2020-08,NARCOTICS,552
2020-08,OTHER,1100
2020-08,ROBBERY,816
2020-08,THEFT,3886
2020-08,TRESPASSING,342
2020-08,VANDALISM,2366
2020-08,VEHICLE THEFT,996
2020-09,ARSON,56
2020-09,ASSAULT,1699
2020-09,BATTERY,3446
2020-09,BURGLARY,615
2020-09,HOMICIDE,83
2020-09,NARCOTICS,560
2020-09,OTHER,1062
2020-09,ROBBERY,743
2020-09,THEFT,3622
2020-09,TRESPASSING,374
2020-09,VANDALISM,2169
2020-09,VEHICLE THEFT,921
2020-10,ARSON,54
2020-10,ASSAULT,1512
2020-10,BATTERY,3415
2020-10,BURGLARY,643
2020-10,HOMICIDE,68
2020-10,NARCOTICS,626
2020-10,OTHER,1064
2020-10,ROBBERY,756
2020-10,THEFT,3430
2020-10,TRESPASSING,315
2020-10,VANDALISM,2144
2020-10,VEHICLE THEFT,1000
2020-11,ARSON,49
2020-11,ASSAULT,1336
2020-11,BATTERY,3019
2020-11,BURGLARY,619
2020-11,HOMICIDE,63
2020-11,NARCOTICS,509
2020-11,OTHER,949
2020-11,ROBBERY,755
2020-11,THEFT,2968
2020-11,TRESPASSING,271
2020-11,VANDALISM,1888
2020-11,VEHICLE THEFT,939
2020-12,ARSON,40
2020-12,ASSAULT,1275
2020-12,BATTERY,2729
2020-12,BURGLARY,549
2020-12,HOMICIDE,57
2020-12,NARCOTICS,517
2020-12,OTHER,936
2020-12,ROBBERY,565
2020-12,THEFT,2924
2020-12,TRESPASSING,265
2020-12,VANDALISM,1670
2020-12,VEHICLE THEFT,912
2021-01,ARSON,39
2021-01,ASSAULT,1339
2021-01,BATTERY,2779
2021-01,BURGLARY,486
2021-01,HOMICIDE,55
2021-01,NARCOTICS,509
2021-01,OTHER,1036
2021-01,ROBBERY,728
2021-01,THEFT,2669
2021-01,TRESPASSING,254
2021-01,VANDALISM,1727
2021-01,VEHICLE THEFT,801
2021-02,ARSON,23
2021-02,ASSAULT,1284
2021-02,BATTERY,2438
2021-02,BURGLARY,351
2021-02,HOMICIDE,39
2021-02,NARCOTICS,608
2021-02,OTHER,954
2021-02,ROBBERY,479
2021-02,THEFT,2125
2021-02,TRESPASSING,214
2021-02,VANDALISM,1457
2021-02,VEHICLE THEFT,630
2021-03,ARSON,49
2021-03,ASSAULT,1451
2021-03,BATTERY,3102
2021-03,BURGLARY,394
2021-03,HOMICIDE,45
2021-03,NARCOTICS,816
2021-03,OTHER,1163
2021-03,ROBBERY,482
2021-03,THEFT,2740
2021-03,TRESPASSING,279
2021-03,VANDALISM,1896
2021-03,VEHICLE THEFT,787
2021-04,ARSON,41
2021-04,ASSAULT,1601
2021-04,BATTERY,3078
2021-04,BURGLARY,416
2021-04,HOMICIDE,55
2021-04,NARCOTICS,502
2021-04,OTHER,1194
2021-04,ROBBERY,466
2021-04,THEFT,2801
2021-04,TRESPASSING,271
2021-04,VANDALISM,1948
2021-04,VEHICLE THEFT,713
2021-05,ARSON,49
2021-05,ASSAULT,1800
2021-05,BATTERY,3678
2021-05,BURGLARY,472
2021-05,HOMICIDE,66
2021-05,NARCOTICS,568
2021-05,OTHER,1350
2021-05,ROBBERY,506
2021-05,THEFT,3272
2021-05,TRESPASSING,272
2021-05,VANDALISM,2288
2021-05,VEHICLE THEFT,748
2021-06,ARSON,50
2021-06,ASSAULT,1905
2021-06,BATTERY,3846
2021-06,BURGLARY,509
2021-06,HOMICIDE,85
2021-06,NARCOTICS,481
2021-06,OTHER,1419
2021-06,ROBBERY,600
2021-06,THEFT,3504
2021-06,TRESPASSING,279
2021-06,VANDALISM,2317
2021-06,VEHICLE THEFT,834
2021-07,ARSON,51
2021-07,ASSAULT,1956
2021-07,BATTERY,3889
2021-07,BURGLARY,556
2021-07,HOMICIDE,112
2021-07,NARCOTICS,399
2021-07,OTHER,1220
2021-07,ROBBERY,712
2021-07,THEFT,3965
2021-07,TRESPASSING,308
2021-07,VANDALISM,2490
2021-07,VEHICLE THEFT,838
2021-08,ARSON,48
2021-08,ASSAULT,1872
2021-08,BATTERY,3806
2021-08,BURGLARY,600
2021-08,HOMICIDE,83
2021-08,NARCOTICS,357
2021-08,OTHER,1136
2021-08,ROBBERY,655
2021-08,THEFT,3890
2021-08,TRESPASSING,283
2021-08,VANDALISM,2323
2021-08,VEHICLE THEFT,911
2021-09,ARSON,46
2021-09,ASSAULT,2039
2021-09,BATTERY,3830
2021-09,BURGLARY,668
2021-09,HOMICIDE,92
2021-09,NARCOTICS,291
2021-09,OTHER,1192
2021-09,ROBBERY,773
2021-09,THEFT,3952
2021-09,TRESPASSING,338
2021-09,VANDALISM,2298
2021-09,VEHICLE THEFT,1016
2021-10,ARSON,44
2021-10,ASSAULT,1872
2021-10,BATTERY,3756
2021-10,BURGLARY,757
2021-10,HOMICIDE,63
2021-10,NARCOTICS,326
2021-10,OTHER,1191
2021-10,ROBBERY,837
2021-10,THEFT,4228
2021-10,TRESPASSING,327
2021-10,VANDALISM,2246
2021-10,VEHICLE THEFT,1163
2021-11,ARSON,43
2021-11,ASSAULT,1629
2021-11,BATTERY,3101
2021-11,BURGLARY,733
2021-11,HOMICIDE,62
2021-11,NARCOTICS,305
2021-11,OTHER,1072
2021-11,ROBBERY,781
2021-11,THEFT,3843
2021-11,TRESPASSING,303
2021-11,VANDALISM,2087
2021-11,VEHICLE THEFT,1067
2021-12,ARSON,47
2021-12,ASSAULT,1595
2021-12,BATTERY,3171
2021-12,BURGLARY,719
2021-12,HOMICIDE,54
2021-12,NARCOTICS,257
2021-12,OTHER,1029
2021-12,ROBBERY,901
2021-12,THEFT,3830
2021-12,TRESPASSING,278
2021-12,VANDALISM,2019
2021-12,VEHICLE THEFT,1097
2022-01,ARSON,26
2022-01,ASSAULT,1324
2022-01,BATTERY,2848
2022-01,BURGLARY,579
2022-01,HOMICIDE,55
2022-01,NARCOTICS,271
2022-01,OTHER,1076
2022-01,ROBBERY,686
2022-01,THEFT,3393
2022-01,TRESPASSING,263
2022-01,VANDALISM,1688
2022-01,VEHICLE THEFT,1107
2022-02,ARSON,26
2022-02,ASSAULT,1393
2022-02,BATTERY,2760
2022-02,BURGLARY,509
2022-02,HOMICIDE,45
2022-02,NARCOTICS,471
2022-02,OTHER,1110
2022-02,ROBBERY,616
2022-02,THEFT,3332
2022-02,TRESPASSING,291
2022-02,VANDALISM,1554
2022-02,VEHICLE THEFT,963
2022-03,ARSON,23
2022-03,ASSAULT,1627
2022-03,BATTERY,3353
2022-03,BURGLARY,578
2022-03,HOMICIDE,39
2022-03,NARCOTICS,509
2022-03,OTHER,1384
2022-03,ROBBERY,590
2022-03,THEFT,4170
2022-03,TRESPASSING,363
2022-03,VANDALISM,1988
2022-03,VEHICLE THEFT,1076
2022-04,ARSON,33
2022-04,ASSAULT,1560
2022-04,BATTERY,3373
2022-04,BURGLARY,561
2022-04,HOMICIDE,54
2022-04,NARCOTICS,478
2022-04,OTHER,1356
2022-04,ROBBERY,601
2022-04,THEFT,3933
2022-04,TRESPASSING,355
2022-04,VANDALISM,2033
2022-04,VEHICLE THEFT,1001
2022-05,ARSON,44
2022-05,ASSAULT,1978
2022-05,BATTERY,3932
2022-05,BURGLARY,605
2022-05,HOMICIDE,66
2022-05,NARCOTICS,411
2022-05,OTHER,1367
2022-05,ROBBERY,669
2022-05,THEFT,4501
2022-05,TRESPASSING,389
2022-05,VANDALISM,2192
2022-05,VEHICLE THEFT,1034
2022-06,ARSON,37
2022-06,ASSAULT,2012
2022-06,BATTERY,3847
2022-06,BURGLARY,674
2022-06,HOMICIDE,73
2022-06,NARCOTICS,389
2022-06,OTHER,1319
2022-06,ROBBERY,732
2022-06,THEFT,5049
2022-06,TRESPASSING,365
2022-06,VANDALISM,2328
2022-06,VEHICLE THEFT,1138
2022-07,ARSON,39
2022-07,ASSAULT,1964
2022-07,BATTERY,3753
2022-07,BURGLARY,700
2022-07,HOMICIDE,69
2022-07,NARCOTICS,371
2022-07,OTHER,1312
2022-07,ROBBERY,764
2022-07,THEFT,5736
2022-07,TRESPASSING,382
2022-07,VANDALISM,2568
2022-07,VEHICLE THEFT,1766
2022-08,ARSON,40
2022-08,ASSAULT,1985
2022-08,BATTERY,3746
2022-08,BURGLARY,672
2022-08,HOMICIDE,70
2022-08,NARCOTICS,422
2022-08,OTHER,1217
2022-08,ROBBERY,750
2022-08,THEFT,5255
2022-08,TRESPASSING,392
2022-08,VANDALISM,2714
2022-08,VEHICLE THEFT,2115
2022-09,ARSON,49
2022-09,ASSAULT,1895
2022-09,BATTERY,3728
2022-09,BURGLARY,655
2022-09,HOMICIDE,77
2022-09,NARCOTICS,382
2022-09,OTHER,1149
2022-09,ROBBERY,869
2022-09,THEFT,5125
2022-09,TRESPASSING,378
2022-09,VANDALISM,2620
2022-09,VEHICLE THEFT,2410
2022-10,ARSON,41
2022-10,ASSAULT,1840
2022-10,BATTERY,3508
2022-10,BURGLARY,690
2022-10,HOMICIDE,66
2022-10,NARCOTICS,362
2022-10,OTHER,1172
2022-10,ROBBERY,943
2022-10,THEFT,5248
2022-10,TRESPASSING,374
2022-10,VANDALISM,2835
2022-10,VEHICLE THEFT,3186
2022-11,ARSON,29
2022-11,ASSAULT,1661
2022-11,BATTERY,3089
2022-11,BURGLARY,675
2022-11,HOMICIDE,59
2022-11,NARCOTICS,346
2022-11,OTHER,1067
2022-11,ROBBERY,847
2022-11,THEFT,4725
2022-11,TRESPASSING,330
2022-11,VANDALISM,2461
2022-11,VEHICLE THEFT,2954
2022-12,ARSON,35
2022-12,ASSAULT,1571
2022-12,BATTERY,3015
2022-12,BURGLARY,696
2022-12,HOMICIDE,61
2022-12,NARCOTICS,345
2022-12,OTHER,1090
2022-12,ROBBERY,897
2022-12,THEFT,4425
2022-12,TRESPASSING,340
2022-12,VANDALISM,2267
2022-12,VEHICLE THEFT,2717
2023-01,ARSON,46
2023-01,ASSAULT,1703
2023-01,BATTERY,3185
2023-01,BURGLARY,678
2023-01,HOMICIDE,45
2023-01,NARCOTICS,559
2023-01,OTHER,1287
2023-01,ROBBERY,891
2023-01,THEFT,4310
2023-01,TRESPASSING,386
2023-01,VANDALISM,2393
2023-01,VEHICLE THEFT,2820
2023-02,ARSON,33
2023-02,ASSAULT,1492
2023-02,BATTERY,3061
2023-02,BURGLARY,542
2023-02,HOMICIDE,39
2023-02,NARCOTICS,548
2023-02,OTHER,1205
2023-02,ROBBERY,582
2023-02,THEFT,3829
2023-02,TRESPASSING,382
2023-02,VANDALISM,1937
2023-02,VEHICLE THEFT,2171
2023-03,ARSON,29
2023-03,ASSAULT,1762
2023-03,BATTERY,3408
2023-03,BURGLARY,570
2023-03,HOMICIDE,38
2023-03,NARCOTICS,475
2023-03,OTHER,1411
2023-03,ROBBERY,686
2023-03,THEFT,4471
2023-03,TRESPASSING,441
2023-03,VANDALISM,2328
2023-03,VEHICLE THEFT,2325
2023-04,ARSON,37
2023-04,ASSAULT,1815
2023-04,BATTERY,3615
2023-04,BURGLARY,598
2023-04,HOMICIDE,58
2023-04,NARCOTICS,375
2023-04,OTHER,1238
2023-04,ROBBERY,752
2023-04,THEFT,4375
2023-04,TRESPASSING,362
2023-04,VANDALISM,2440
2023-04,VEHICLE THEFT,2293
2023-05,ARSON,56
2023-05,ASSAULT,2025
2023-05,BATTERY,3964
2023-05,BURGLARY,613
2023-05,HOMICIDE,65
2023-05,NARCOTICS,385
2023-05,OTHER,1260
2023-05,ROBBERY,772
2023-05,THEFT,4743
2023-05,TRESPASSING,389
2023-05,VANDALISM,2590
2023-05,VEHICLE THEFT,2436
2023-06,ARSON,49
2023-06,ASSAULT,2034
2023-06,BATTERY,3884
2023-06,BURGLARY,600
2023-06,HOMICIDE,72
2023-06,NARCOTICS,418
2023-06,OTHER,1363
2023-06,ROBBERY,783
2023-06,THEFT,5089
2023-06,TRESPASSING,364
2023-06,VANDALISM,2645
2023-06,VEHICLE THEFT,2564
2023-07,ARSON,45
2023-07,ASSAULT,2049
2023-07,BATTERY,4219
2023-07,BURGLARY,635
2023-07,HOMICIDE,61
2023-07,NARCOTICS,428
2023-07,OTHER,1363
2023-07,ROBBERY,1010
2023-07,THEFT,5195
2023-07,TRESPASSING,397
2023-07,VANDALISM,2966
2023-07,VEHICLE THEFT,2631
2023-08,ARSON,34
2023-08,ASSAULT,2121
2023-08,BATTERY,4057
2023-08,BURGLARY,651
2023-08,HOMICIDE,59
2023-08,NARCOTICS,470
2023-08,OTHER,1315
2023-08,ROBBERY,1212
2023-08,THEFT,5419
2023-08,TRESPASSING,407
2023-08,VANDALISM,2763
2023-08,VEHICLE THEFT,2618
2023-09,ARSON,55
2023-09,ASSAULT,2055
2023-09,BATTERY,3970
2023-09,BURGLARY,640
2023-09,HOMICIDE,48
2023-09,NARCOTICS,407
2023-09,OTHER,1285
2023-09,ROBBERY,1144
2023-09,THEFT,4953
2023-09,TRESPASSING,381
2023-09,VANDALISM,2529
2023-09,VEHICLE THEFT,2339
2023-10,ARSON,43
2023-10,ASSAULT,1984
2023-10,BATTERY,3852
2023-10,BURGLARY,653
2023-10,HOMICIDE,54
2023-10,NARCOTICS,451
2023-10,OTHER,1332
2023-10,ROBBERY,1208
2023-10,THEFT,5216
2023-10,TRESPASSING,413
2023-10,VANDALISM,2624
2023-10,VEHICLE THEFT,2569
2023-11,ARSON,38
2023-11,ASSAULT,1797
2023-11,BATTERY,3484
2023-11,BURGLARY,681
2023-11,HOMICIDE,55
2023-11,NARCOTICS,492
2023-11,OTHER,1342
2023-11,ROBBERY,1016
2023-11,THEFT,4810
2023-11,TRESPASSING,415
2023-11,VANDALISM,2423
2023-11,VEHICLE THEFT,2274
2023-12,ARSON,48
2023-12,ASSAULT,1790
2023-12,BATTERY,3529
2023-12,BURGLARY,620
2023-12,HOMICIDE,39
2023-12,NARCOTICS,445
2023-12,OTHER,1304
2023-12,ROBBERY,996
2023-12,THEFT,5064
2023-12,TRESPASSING,383
2023-12,VANDALISM,2451
2023-12,VEHICLE THEFT,2213
2024-01,ARSON,43
2024-01,ASSAULT,1728
2024-01,BATTERY,3285
2024-01,BURGLARY,551
2024-01,HOMICIDE,34
2024-01,NARCOTICS,538
2024-01,OTHER,1489
2024-01,ROBBERY,734
2024-01,THEFT,4376
2024-01,TRESPASSING,378
2024-01,VANDALISM,2108
2024-01,VEHICLE THEFT,1768
2024-02,ARSON,32
2024-02,ASSAULT,1735
2024-02,BATTERY,3472
2024-02,BURGLARY,544
2024-02,HOMICIDE,33
2024-02,NARCOTICS,559
2024-02,OTHER,1483
2024-02,ROBBERY,669
2024-02,THEFT,4349
2024-02,TRESPASSING,383
2024-02,VANDALISM,2188
2024-02,VEHICLE THEFT,1880
2024-03,ARSON,44
2024-03,ASSAULT,1890
2024-03,BATTERY,3682
2024-03,BURGLARY,594
2024-03,HOMICIDE,47
2024-03,NARCOTICS,549
2024-03,OTHER,1445
2024-03,ROBBERY,746
2024-03,THEFT,4491
2024-03,TRESPASSING,402
2024-03,VANDALISM,2468
2024-03,VEHICLE THEFT,1881
2024-04,ARSON,34
2024-04,ASSAULT,1968
2024-04,BATTERY,3786
2024-04,BURGLARY,601
2024-04,HOMICIDE,41
2024-04,NARCOTICS,436
2024-04,OTHER,1366
2024-04,ROBBERY,719
2024-04,THEFT,4543
2024-04,TRESPASSING,402
2024-04,VANDALISM,2253
2024-04,VEHICLE THEFT,1653
2024-05,ARSON,49
2024-05,ASSAULT,2289
2024-05,BATTERY,4444
2024-05,BURGLARY,763
2024-05,HOMICIDE,56
2024-05,NARCOTICS,426
2024-05,OTHER,1494
2024-05,ROBBERY,780
2024-05,THEFT,5190
2024-05,TRESPASSING,397
2024-05,VANDALISM,2406
2024-05,VEHICLE THEFT,1809
2024-06,ARSON,49
2024-06,ASSAULT,2076
2024-06,BATTERY,4290
2024-06,BURGLARY,626
2024-06,HOMICIDE,67
2024-06,NARCOTICS,443
2024-06,OTHER,1403
2024-06,ROBBERY,818
2024-06,THEFT,5477
2024-06,TRESPASSING,396
2024-06,VANDALISM,2577
2024-06,VEHICLE THEFT,2046
2024-07,ARSON,36
2024-07,ASSAULT,2122
2024-07,BATTERY,4135
2024-07,BURGLARY,763
2024-07,HOMICIDE,70
2024-07,NARCOTICS,534
2024-07,OTHER,1454
2024-07,ROBBERY,884
2024-07,THEFT,6049
2024-07,TRESPASSING,448
2024-07,VANDALISM,2598
2024-07,VEHICLE THEFT,1978
2024-08,ARSON,47
2024-08,ASSAULT,2042
2024-08,BATTERY,3898
2024-08,BURGLARY,764
2024-08,HOMICIDE,55
2024-08,NARCOTICS,442
2024-08,OTHER,1317
2024-08,ROBBERY,768
2024-08,THEFT,5701
2024-08,TRESPASSING,441
2024-08,VANDALISM,2588
2024-08,VEHICLE THEFT,2011
2024-09,ARSON,45
2024-09,ASSAULT,2121
2024-09,BATTERY,4158
2024-09,BURGLARY,833
2024-09,HOMICIDE,49
2024-09,NARCOTICS,427
2024-09,OTHER,1581
2024-09,ROBBERY,774
2024-09,THEFT,5367
2024-09,TRESPASSING,406
2024-09,VANDALISM,2508
2024-09,VEHICLE THEFT,1868
2024-10,ARSON,41
2024-10,ASSAULT,2141
2024-10,BATTERY,3935
2024-10,BURGLARY,841
2024-10,HOMICIDE,55
2024-10,NARCOTICS,508
2024-10,OTHER,1373
2024-10,ROBBERY,780
2024-10,THEFT,5474
2024-10,TRESPASSING,461
2024-10,VANDALISM,2492
2024-10,VEHICLE THEFT,1748
2024-11,ARSON,32
2024-11,ASSAULT,1709
2024-11,BATTERY,3441
2024-11,BURGLARY,757
2024-11,HOMICIDE,38
2024-11,NARCOTICS,573
2024-11,OTHER,1248
2024-11,ROBBERY,759
2024-11,THEFT,4662
2024-11,TRESPASSING,402
2024-11,VANDALISM,2188
2024-11,VEHICLE THEFT,1561
2024-12,ARSON,30
2024-12,ASSAULT,1624
2024-12,BATTERY,3530
2024-12,BURGLARY,776
2024-12,HOMICIDE,42
2024-12,NARCOTICS,533
2024-12,OTHER,1312
2024-12,ROBBERY,691
2024-12,THEFT,4631
2024-12,TRESPASSING,428
2024-12,VANDALISM,2156
2024-12,VEHICLE THEFT,1470
